<?xml version="1.0" encoding="UTF-8" standalone="yes"?>
<addon id="resource.images.moviegenreicons.filmstrip" name="Movie Genre Icons - Filmstrip" version="0.0.6" provider-name="Team Kodi">
	<extension point="kodi.resource.images" compile="false" type="moviegenreicons" />
	<requires>
		<import addon="kodi.resource" version="1.0.0"/>
	</requires>
	<extension point="xbmc.addon.metadata">
		<summary lang="en">Filmstrip Movie Genre Icons</summary>
		<description lang="en">Movie Genre Icons in a filmstrip style</description>
		<platform>all</platform>
	</extension>
</addon>
